,Column 1,Column 2,Column 3,Column 4,Column 5
Column 1,1,,,,
Column 2,0.181966284,1,,,
Column 3,-0.938434893,-0.140703812,1,,
Column 4,-0.921680484,-0.241355638,0.85141143,1,
Column 5,0.972155052,0.18762901,-0.927222221,-0.924496997,1
